2,,,,,,,
3,,,,,,,
8,,,,,,,
11,,,,,,,
16,,,,,,,
17,,,,,,,
18,,,,,,,
23,,,,,,,
28,,,,,,,
29,,,,,,,
30,,,,,,,
31,,,,,,,
32,,,,,,,
41,,,,,,,
43,,,,,,,
44,,,,,,,
49,,,,,,,
75,,,,,,,
77,,,,,,,
78,,,,,,,
79,,,,,,,
81,,,,,,,
82,,,,,,,
84,,,,,,,
122,,,,,,,
123,,,,,,,
124,,,,,,,
125,,,,,,,
126,,,,,,,
127,,, ,, ,, 
128,,,,,,,
,,,,,,,
,,,,,,,
,,,,,,,
,,,,,,,
,,, ,,,,
,,, ,,,,
,,,,,,,
,,,,,,,
,,,,,,,
,,,,,,,
,,,,,,,
,,,,,,,
,,,,,,,
,,,,,,,
,,,,,,,
,,,,,,,
,,,, .,,,
,,,,,,,
,,,,,,,
,,,,,,,
,,,,,,,
,,,,,,,
,,,,,,,
,,,,,,,
,,,,,,,
,,,,,,,
,,,,,,,
,,,,,,,
,,,,,,,
,,,,,,,
,,,,,,,
,,,,,,,
,,,,,,,
,,,,,,,
,,,,,,,
,,,,,,,
,,,,,,,
,,,,,,,
,,,,,,,
,,, .,,,,
