2,,,,,
3,,,,,
111,,,,,
156,,,,,
172,,,,,
207,,,,,
208,,,,,
209,,,,,
271,,,,,
272,,,,,
273,,,,,
286,,,,,
289,,,,,
345,,,,,
357,,,,,
358,,,,,
359,,,,,
360,,,,,
361,,,,,
362,,,,,
376,,,,,
377,,,,,
378,,,,,
379,,,,,
380,,,,,
381,,,,,
382,,,,,
383,,,,,
384,,,,,
385,,,,,
386,,,,,
387,,,,,
388,,,,,
389,,,,,
390,,,,,
391,,,,,
392,,,,,
393,,,,,
394,,,,,
395,,,,,
396,,,,,
397,,,,,
398,,,,,
399,,,,,
400,,,,,
401,,,,,
402,,,,,
403,,,,,
404,,,,,
405,,,,,
406,,,,,
407,,,,,
408,,,,,
409,,,,,
410,,,,,
411,,,,,
412,,,,,
413,,,,,
,,,,,
,,,,,
,,,,,
,,,,,
,,,,,
,,,,,
,,,,,
,,,,,
,,,,,
,,,,,
,,,,,
,,,,,
,,,,,
,,,,,
,,,,,
,,,,,
,,,,,
,,,,,
,,,,,
,,,,,
,,,,,
,,,,,
,,,,,
,,,,,1.23021E+11
